"13mt -- Vanhojen osakeasuntojen neliöhinnat ja kauppojen lukumäärät postinumeroalueittain, neljännesvuosittain, 2009Q1-2024Q2*"

"Vuosineljännes","Talotyyppi","Neliöhinta (EUR/m2) 00100  Helsinki keskusta - Etu-Töölö (Helsinki)","Neliöhinta (EUR/m2) 00120  Punavuori - Bulevardi (Helsinki)","Neliöhinta (EUR/m2) 00130  Kaartinkaupunki (Helsinki)","Neliöhinta (EUR/m2) 00140  Kaivopuisto - Ullanlinna (Helsinki)","Neliöhinta (EUR/m2) 00150  Punavuori - Eira - Hernesaari (Helsinki)","Neliöhinta (EUR/m2) 00160  Katajanokka (Helsinki)","Neliöhinta (EUR/m2) 00170  Kruununhaka (Helsinki)","Neliöhinta (EUR/m2) 00180  Kamppi - Ruoholahti (Helsinki)","Neliöhinta (EUR/m2) 00190  Suomenlinna (Helsinki)","Neliöhinta (EUR/m2) 00200  Pohjois-Lauttasaari (Helsinki)","Neliöhinta (EUR/m2) 00210  Vattuniemi (Helsinki)","Neliöhinta (EUR/m2) 00220  Jätkäsaari (Helsinki)","Neliöhinta (EUR/m2) 00240  Länsi-Pasila (Helsinki)","Neliöhinta (EUR/m2) 00250  Taka-Töölö (Helsinki)","Neliöhinta (EUR/m2) 00260  Keski-Töölö (Helsinki)","Neliöhinta (EUR/m2) 00270  Pohjois-Meilahti (Helsinki)","Neliöhinta (EUR/m2) 00280  Ruskeasuo (Helsinki)","Neliöhinta (EUR/m2) 00290  Meilahden sairaala-alue (Helsinki)","Neliöhinta (EUR/m2) 00300  Pikku Huopalahti (Helsinki)","Neliöhinta (EUR/m2) 00310  Kivihaka (Helsinki)","Neliöhinta (EUR/m2) 00320  Etelä-Haaga (Helsinki)","Neliöhinta (EUR/m2) 00330  Munkkiniemi (Helsinki)","Neliöhinta (EUR/m2) 00340  Kuusisaari - Lehtisaari (Helsinki)","Neliöhinta (EUR/m2) 00350  Munkkivuori - Niemenmäki (Helsinki)","Neliöhinta (EUR/m2) 00360  Pajamäki (Helsinki)","Neliöhinta (EUR/m2) 00370  Reimarla (Helsinki)","Neliöhinta (EUR/m2) 00380  Pitäjänmäen yritysalue (Helsinki)","Neliöhinta (EUR/m2) 00390  Konala (Helsinki)","Neliöhinta (EUR/m2) 00400  Pohjois-Haaga (Helsinki)","Neliöhinta (EUR/m2) 00410  Malminkartano (Helsinki)","Neliöhinta (EUR/m2) 00420  Kannelmäki (Helsinki)","Neliöhinta (EUR/m2) 00430  Maununneva - Kuninkaantammi (Helsinki)","Neliöhinta (EUR/m2) 00440  Lassila (Helsinki)","Neliöhinta (EUR/m2) 00500  Sörnäinen - Harju (Helsinki)","Neliöhinta (EUR/m2) 00510  Alppila - Vallila (Helsinki)","Neliöhinta (EUR/m2) 00520  Itä- ja Keski-Pasila (Helsinki)","Neliöhinta (EUR/m2) 00530  Kallio (Helsinki)","Neliöhinta (EUR/m2) 00540  Kalasatama - Sompasaari (Helsinki)","Neliöhinta (EUR/m2) 00550  Vallila - Hermanni (Helsinki)","Neliöhinta (EUR/m2) 00560  Toukola - Kumpula - Vanhakaupunki (Helsinki)","Neliöhinta (EUR/m2) 00570  Kulosaari (Helsinki)","Neliöhinta (EUR/m2) 00580  Kalasatama - Kyläsaari (Helsinki)","Neliöhinta (EUR/m2) 00590  Kruunuvuorenranta (Helsinki)","Neliöhinta (EUR/m2) 00600  Koskela (Helsinki)","Neliöhinta (EUR/m2) 00610  Käpylä (Helsinki)","Neliöhinta (EUR/m2) 00620  Metsälä - Etelä-Oulunkylä (Helsinki)","Neliöhinta (EUR/m2) 00630  Maunula (Helsinki)","Neliöhinta (EUR/m2) 00640  Oulunkylä - Patola (Helsinki)","Neliöhinta (EUR/m2) 00650  Veräjämäki (Helsinki)","Neliöhinta (EUR/m2) 00660  Länsi-Pakila (Helsinki)","Neliöhinta (EUR/m2) 00670  Paloheinä (Helsinki)","Neliöhinta (EUR/m2) 00680  Itä-Pakila (Helsinki)","Neliöhinta (EUR/m2) 00690  Torpparinmäki (Helsinki)","Neliöhinta (EUR/m2) 00700  Malmi (Helsinki)","Neliöhinta (EUR/m2) 00710  Pihlajamäki - Viikinmäki (Helsinki)","Neliöhinta (EUR/m2) 00720  Pukinmäki (Helsinki)","Neliöhinta (EUR/m2) 00730  Tapanila (Helsinki)","Neliöhinta (EUR/m2) 00740  Siltamäki (Helsinki)","Neliöhinta (EUR/m2) 00750  Tapulikaupunki (Helsinki)","Neliöhinta (EUR/m2) 00760  Puistola - Heikinlaakso (Helsinki)","Neliöhinta (EUR/m2) 00770  Jakomäki - Alppikylä (Helsinki)","Neliöhinta (EUR/m2) 00780  Tapaninvainio (Helsinki)","Neliöhinta (EUR/m2) 00790  Viikki (Helsinki)","Neliöhinta (EUR/m2) 00800  Länsi-Herttoniemi (Helsinki)","Neliöhinta (EUR/m2) 00810  Herttoniemenranta (Helsinki)","Neliöhinta (EUR/m2) 00820  Roihuvuori (Helsinki)","Neliöhinta (EUR/m2) 00830  Tammisalo (Helsinki)","Neliöhinta (EUR/m2) 00840  Yliskylä (Helsinki)","Neliöhinta (EUR/m2) 00850  Jollas (Helsinki)","Neliöhinta (EUR/m2) 00870  Gunillanmäki - Hevossalmi (Helsinki)","Neliöhinta (EUR/m2) 00880  Keski-Herttoniemi - Roihupelto (Helsinki)","Neliöhinta (EUR/m2) 00890  Östersundom (Helsinki)","Neliöhinta (EUR/m2) 00900  Puotinharju (Helsinki)","Neliöhinta (EUR/m2) 00910  Puotila (Helsinki)","Neliöhinta (EUR/m2) 00920  Myllypuro (Helsinki)","Neliöhinta (EUR/m2) 00930  Itäkeskus - Marjaniemi (Helsinki)","Neliöhinta (EUR/m2) 00940  Kontula - Vesala - Kivikko (Helsinki)","Neliöhinta (EUR/m2) 00950  Vartioharju (Helsinki)","Neliöhinta (EUR/m2) 00960  Pohjois-Vuosaari (Helsinki)","Neliöhinta (EUR/m2) 00970  Mellunmäki (Helsinki)","Neliöhinta (EUR/m2) 00980  Etelä-Vuosaari (Helsinki)","Neliöhinta (EUR/m2) 00990  Aurinkolahti (Helsinki)"
"2009Q1","Kerrostalo yksiöt",4751,4561,...,5128,4472,...,4450,4556,.,3796,...,.,...,4119,4468,4361,...,.,.,...,3479,4078,.,3398,2677,...,...,...,...,...,2860,.,...,3549,3528,3358,3704,.,3362,3468,...,...,.,.,3405,.,2688,2952,...,.,.,.,.,2948,2598,2917,...,...,...,.,...,...,.,2876,...,...,...,2793,.,.,.,.,...,2680,...,.,2514,...,...,2808,...,...
"2009Q2","Kerrostalo yksiöt",4608,4815,...,5058,4628,...,4557,4636,.,4047,...,.,.,4386,4789,4478,...,.,...,...,3603,...,.,3454,...,...,3784,...,3298,...,...,.,...,3718,3824,3396,3991,.,3478,3659,...,.,.,...,...,...,2752,3127,...,...,.,...,.,3085,...,3057,...,...,.,...,...,.,...,3264,...,3261,...,...,.,...,.,.,...,2891,...,.,...,.,...,...,...,...
"2009Q3","Kerrostalo yksiöt",4794,5376,...,5284,5111,...,5113,4984,.,4386,...,.,...,4588,4999,5359,...,.,...,...,3831,...,.,3874,...,3059,3856,...,3528,...,3037,.,...,3994,3811,...,4039,.,3667,3965,...,.,.,...,4066,...,...,3160,.,.,.,...,.,...,2534,...,3764,...,.,...,.,...,...,3037,...,2970,.,...,.,.,.,.,...,3005,...,...,...,.,...,...,...,...
"2009Q4","Kerrostalo yksiöt",5038,5301,...,5886,5325,...,5319,5326,.,4155,...,.,...,4919,4830,4696,...,.,...,...,4061,4404,.,3704,...,...,4139,...,3418,...,3139,.,3793,4008,4238,4126,4303,.,4026,...,...,...,.,...,4083,...,3090,3033,.,.,.,.,.,3274,...,...,...,.,.,.,...,.,.,3468,...,3164,.,3143,.,.,.,.,3264,...,...,.,2847,...,...,...,...,...
"2010Q1","Kerrostalo yksiöt",5427,5522,5491,5463,5414,...,5322,5110,.,4536,4722,.,.,5023,4803,4941,.,.,...,...,4008,...,.,3872,...,...,...,...,3785,...,3167,.,...,4154,4217,4085,4259,.,3805,...,...,.,.,...,3838,...,3243,3038,...,.,.,...,.,3135,3349,...,...,...,...,...,.,...,...,...,...,3111,...,3648,.,.,.,.,...,3418,...,...,2906,.,...,...,...,...
"2010Q2","Kerrostalo yksiöt",5151,5640,...,5950,5488,...,5611,5291,.,4513,...,.,.,4848,...,4833,...,.,...,...,3875,...,...,4137,...,...,...,...,3820,...,3124,.,4023,4163,4338,4023,4411,.,4073,3905,...,.,.,...,...,...,...,3097,.,.,.,...,.,3634,2771,...,...,...,...,.,...,...,.,...,...,3212,...,3535,.,.,.,.,...,3257,...,...,3155,.,...,3029,2888,...
"2010Q3","Kerrostalo yksiöt",5634,5423,.,6065,5272,...,5712,5552,.,4623,4540,.,...,5028,5003,4831,4719,.,.,3621,4150,...,.,4153,...,...,.,.,3598,...,3328,.,...,4341,4298,4161,4570,.,4032,...,...,.,.,.,...,...,...,...,.,.,.,.,.,3424,...,3589,...,...,...,...,...,...,...,4001,...,...,.,...,.,...,.,.,...,...,...,.,3095,.,...,...,...,...
"2010Q4","Kerrostalo yksiöt",5437,5573,...,5675,5287,...,5858,5309,.,4824,5148,.,...,4848,5025,4984,...,.,...,...,4126,4717,.,3850,...,...,...,3200,3739,...,3304,.,...,4313,4317,4307,4434,.,4042,...,...,.,.,...,...,...,...,3418,...,...,.,...,.,3697,...,...,...,.,...,...,.,...,.,3529,...,...,.,...,.,.,.,.,...,3371,...,...,3191,.,...,...,...,...
"2011Q1","Kerrostalo yksiöt",5529,5873,...,6204,5545,...,5827,6083,.,4835,...,.,...,4998,5269,5160,...,.,...,...,4201,...,.,4020,...,...,...,...,3931,...,3668,.,...,4462,4520,4633,4573,.,4043,...,...,...,.,...,...,...,...,3143,.,.,.,...,.,3321,...,...,3659,.,...,.,.,...,...,...,...,3274,...,3494,.,...,.,.,3396,3590,...,...,...,.,...,...,...,...
"2011Q2","Kerrostalo yksiöt",5589,6014,...,6278,5868,...,6002,5377,.,4765,...,.,.,5274,5819,5309,...,.,...,...,4323,...,...,4019,...,...,...,3342,4199,...,3427,.,3967,4442,4610,4219,4612,.,4326,4547,...,.,.,...,4609,.,3138,3574,.,...,.,.,.,3184,2813,3863,...,...,...,.,.,3849,...,...,3900,3374,.,3890,.,.,.,.,3285,3585,.,...,3031,...,...,3085,3304,...
"2011Q3","Kerrostalo yksiöt",5771,...,...,6399,5892,...,5959,5963,.,5024,4860,.,.,5236,5584,5828,...,.,...,...,4458,...,.,3825,...,3702,...,...,3918,...,3358,.,4001,4591,4649,4702,4683,.,4365,4422,...,.,.,...,...,...,...,...,.,...,.,.,.,3580,2919,...,...,...,...,.,.,3726,...,3731,3956,...,.,...,.,...,.,.,...,3971,...,...,3309,...,...,...,...,...
"2011Q4","Kerrostalo yksiöt",5814,5799,...,6297,5842,...,5446,5756,.,4871,...,.,...,5082,5947,4893,...,.,...,...,4229,...,.,4216,...,...,...,...,4014,...,3441,.,3671,4628,4407,...,4693,.,4251,4500,...,.,.,...,4327,.,3464,...,.,...,.,.,.,...,3209,3368,...,...,...,...,...,...,...,4154,4128,...,...,...,.,.,.,.,...,3558,...,.,3127,...,...,3132,...,...
"2012Q1","Kerrostalo yksiöt",5970,5859,...,6536,5941,...,5641,5570,.,4980,4693,.,.,5469,...,5285,...,.,.,...,4438,5383,...,4191,...,...,...,3218,4296,...,3631,.,...,4544,4712,4473,4890,.,4124,4768,4400,.,.,...,...,...,...,3585,.,...,.,.,.,3574,...,...,...,...,...,.,.,.,...,4130,...,3396,...,3357,.,...,.,.,3715,...,...,...,...,.,...,...,...,...
"2012Q2","Kerrostalo yksiöt",6257,6028,...,6550,5781,...,6705,5801,.,5198,4857,.,...,5638,5722,5374,...,.,...,...,4576,...,.,4438,3438,...,...,...,4141,...,3431,.,4367,4708,4720,4645,5049,.,4580,4538,4679,.,.,3853,...,...,...,...,.,.,.,...,.,...,3173,4059,...,...,...,.,.,...,.,4002,4281,...,...,...,.,...,.,.,...,3776,.,...,3390,.,...,3394,...,4737
"2012Q3","Kerrostalo yksiöt",6078,6352,...,6778,6213,...,6181,6075,.,5277,4730,.,...,5746,...,5867,...,.,...,...,4745,5379,.,4576,3308,...,...,...,4240,.,3683,.,...,4752,4784,5003,5067,.,4513,...,...,.,.,...,...,...,...,3908,.,.,.,.,.,3722,3103,...,...,.,...,.,...,...,...,...,...,...,...,...,.,...,.,.,...,3838,...,...,...,.,...,3432,...,4484
"2012Q4","Kerrostalo yksiöt",5901,6141,...,7576,6302,...,6375,5873,.,5198,4994,.,...,5590,5626,5999,...,.,.,4088,4720,5499,.,5063,...,...,...,...,4658,...,3601,.,...,4973,4761,5009,4990,.,4396,4501,...,.,.,.,4433,...,3740,3725,.,...,.,.,.,...,3572,4049,3409,3198,...,.,.,...,.,4195,...,...,.,4088,.,...,.,.,3879,3841,...,...,3201,.,...,...,...,...
"2013Q1","Kerrostalo yksiöt",6042,6342,...,6741,6086,...,6336,5797,.,5175,...,.,...,5859,6331,6093,...,.,.,...,4705,...,.,5058,...,...,...,3462,4407,...,3942,.,...,5017,4780,5052,5115,.,4598,5440,...,.,.,...,...,.,...,3625,.,.,.,.,.,3649,...,4090,...,...,...,.,...,...,...,...,...,...,...,...,.,...,.,.,3776,...,...,...,...,.,...,...,...,.
"2013Q2","Kerrostalo yksiöt",6391,6859,...,6620,6297,...,6809,6283,.,5387,...,.,...,6073,5905,5538,...,.,...,...,4439,5362,.,...,...,...,.,...,4444,...,3825,.,4179,5078,4887,...,5381,.,4834,...,...,...,.,...,...,...,...,3816,.,...,.,...,.,4056,2561,...,...,...,...,...,.,.,...,...,.,...,...,...,.,.,.,.,...,4006,...,...,...,...,...,...,...,...
"2013Q3","Kerrostalo yksiöt",6800,6817,...,7185,6337,...,6411,6553,.,5416,5643,.,...,6038,...,6207,...,.,...,...,4975,5561,.,...,.,...,...,...,...,.,3693,.,...,5359,5234,4625,5453,.,4655,...,...,...,.,...,4484,.,4044,...,.,.,.,...,.,3659,...,...,...,...,...,.,.,...,...,...,...,...,.,...,.,.,.,.,...,3717,...,.,...,.,...,...,...,...
"2013Q4","Kerrostalo yksiöt",6137,6041,...,7616,6670,...,6180,6448,.,5517,6034,.,...,6143,6179,6117,...,.,...,...,4781,...,...,...,.,...,...,...,4913,...,3457,.,...,5475,5013,4883,5498,.,4994,...,...,.,.,...,...,.,...,...,.,.,.,.,.,...,2959,3845,...,...,...,.,...,...,...,...,...,...,.,4326,.,.,.,.,...,3645,...,...,3265,.,3776,.,...,4899
"2014Q1","Kerrostalo yksiöt",6500,6592,.,6826,6650,...,6824,6110,.,5721,...,.,...,6222,6190,6256,...,.,...,...,5196,5538,.,...,...,...,...,4110,5241,...,4004,.,4387,5393,5284,4754,5428,.,5183,...,...,.,.,.,4659,...,...,...,...,.,.,.,.,3716,...,...,...,.,.,...,.,...,...,.,...,...,...,...,.,.,.,.,...,3951,...,...,...,...,4264,...,...,...
"2014Q2","Kerrostalo yksiöt",6524,6372,...,6709,6965,.,6546,6693,.,5638,...,.,...,5774,6407,5873,...,.,.,...,5080,5184,...,...,...,...,...,...,...,...,3701,.,...,5366,5218,5051,5574,.,5281,4808,5113,...,.,...,...,...,...,...,.,.,.,.,.,3982,...,4245,...,3483,.,.,...,.,...,4725,...,...,.,...,.,...,.,.,...,3825,.,...,3747,...,...,...,...,...
"2014Q3","Kerrostalo yksiöt",6828,6349,...,7038,7076,...,7010,7035,.,5446,...,.,...,5798,6987,5832,...,.,...,...,5013,5462,.,...,...,...,...,...,4824,...,...,.,4455,5434,5265,5415,5425,.,4815,4714,...,.,.,...,...,...,...,...,...,.,.,.,.,3815,...,...,...,...,...,...,...,...,...,...,...,...,...,...,.,.,.,.,...,4050,...,...,3236,...,...,...,...,...
"2014Q4","Kerrostalo yksiöt",6290,5646,.,6876,6699,...,6388,6583,.,5436,5335,.,...,5814,6420,6018,...,.,...,...,4832,...,.,...,...,...,...,...,4429,...,3704,.,4592,5132,5028,...,5462,.,4846,4149,...,...,.,...,5222,...,...,4258,.,...,.,.,.,3971,3283,...,...,...,...,.,...,.,...,...,...,4172,.,4264,.,.,.,.,...,3834,...,...,...,...,...,3548,...,...
"2015Q1","Kerrostalo yksiöt",6585,6535,...,6785,6730,...,6887,6535,.,5544,5479,.,.,5995,6959,5649,.,.,...,...,5064,6218,.,4517,...,...,4650,4166,5055,...,3987,.,4557,5595,5518,5501,5471,.,5594,5954,...,...,.,.,5028,.,4358,...,...,...,.,.,.,3910,3706,3815,...,3592,...,.,.,...,.,5053,...,3795,.,3985,.,.,.,.,4263,4206,...,...,3523,...,4295,3480,...,...
"2015Q2","Kerrostalo yksiöt",6484,6651,...,6815,6945,...,7025,6705,.,5608,5670,.,...,6051,5935,6019,.,.,...,4091,5357,5476,.,4969,...,...,...,...,4627,...,4248,.,4039,5416,5319,5660,5483,...,5293,...,...,.,.,...,4936,...,4353,...,.,.,.,.,.,3944,...,...,...,...,...,.,...,...,...,3992,...,...,.,4191,.,.,.,.,...,...,.,...,3179,.,...,3357,...,...
"2015Q3","Kerrostalo yksiöt",6554,7401,...,7278,6889,...,6753,7005,.,5455,...,.,...,6301,5622,6216,...,.,...,.,5211,5504,...,4809,...,4450,...,...,4646,...,4249,.,3872,5591,5412,5250,5576,.,5300,...,...,...,.,...,4812,...,4261,...,...,...,.,.,.,4134,3264,...,3721,...,...,...,.,...,...,5322,...,3717,.,4194,.,...,.,.,4044,4158,3895,4768,3537,...,...,...,3494,...
"2015Q4","Kerrostalo yksiöt",6348,6387,...,7005,7221,...,6679,6459,.,5665,...,.,.,6114,6970,6383,...,.,...,...,5296,6164,...,5113,...,...,4693,3224,5183,.,4290,.,4013,5424,5352,5470,5474,.,4799,...,...,.,.,...,4760,...,...,...,.,.,.,.,.,3324,...,4159,...,...,...,.,...,...,...,4468,...,...,.,...,.,.,.,.,...,4072,...,.,...,.,...,...,...,...
"2016Q1","Kerrostalo yksiöt",6703,6447,...,6988,6892,...,7340,7013,.,5762,.,.,...,6343,5986,6249,...,.,...,...,5549,...,.,4522,...,...,...,4384,...,...,3764,.,...,5557,5449,...,5322,.,5049,5747,...,.,.,...,...,.,...,...,...,.,.,...,.,3841,3296,4502,...,...,.,.,...,...,...,4741,...,4061,.,4291,.,.,.,.,3920,3696,.,.,...,.,...,3454,...,...
"2016Q2","Kerrostalo yksiöt",6809,7284,...,7142,7205,...,7251,7026,.,5930,...,.,.,6294,6278,6676,...,.,...,...,5342,5972,.,5312,...,...,...,...,4418,...,4243,.,...,5797,5435,5455,5671,.,5262,6423,...,.,.,.,5103,...,...,3929,.,.,.,.,.,...,...,3867,...,...,...,...,...,...,...,4551,5137,3899,.,...,.,...,.,.,...,4196,...,...,...,.,4055,...,...,...
"2016Q3","Kerrostalo yksiöt",4662,6485,...,7608,7486,...,7704,7476,.,6160,...,.,...,6395,6318,6434,...,.,...,...,5735,5729,...,4902,...,...,...,...,...,...,4263,.,4906,6170,5536,...,5850,...,5438,...,...,.,.,...,...,...,...,...,.,.,.,.,.,...,3474,...,...,.,...,...,...,...,...,4718,...,...,.,4267,.,.,.,.,...,4024,.,...,...,.,...,...,...,...
"2016Q4","Kerrostalo yksiöt",6924,6769,...,7628,6924,7061,7200,7611,.,5744,6391,...,.,6458,7058,...,...,.,...,...,5494,5566,.,...,...,...,...,...,...,...,...,.,...,6038,5600,5446,5915,...,5399,...,...,.,.,...,5483,.,...,...,.,...,.,.,.,4116,...,...,.,.,...,.,...,...,.,...,...,...,.,4055,.,.,.,.,...,4356,...,.,...,.,...,3627,3846,...
"2017Q1","Kerrostalo yksiöt",6982,...,.,8042,7001,...,6713,7598,.,6314,6076,.,...,6656,7056,7681,...,.,...,.,5510,6036,.,5005,...,...,...,...,4799,...,...,.,4179,6024,6268,5622,5979,.,5671,...,...,...,.,...,...,.,...,...,.,...,.,.,.,...,3473,3969,...,...,...,.,.,.,...,5015,...,4578,.,4330,.,...,.,.,...,4058,.,...,...,...,...,...,...,...
"2017Q2","Kerrostalo yksiöt",7335,7604,...,7326,7368,...,8016,8321,.,6488,...,...,.,6865,7534,6709,5771,.,...,...,5691,6084,...,5507,...,...,...,4347,4798,...,4655,.,4466,6129,5876,5723,6028,...,5679,5245,...,...,.,...,5684,...,...,...,.,.,.,.,.,...,...,.,...,...,...,...,.,...,.,4580,...,...,...,4876,.,.,.,.,...,3708,...,...,...,.,3399,3542,...,...
"2017Q3","Kerrostalo yksiöt",7250,8131,...,7541,7288,6438,7932,7362,.,6457,6023,.,...,6891,...,6757,...,.,...,...,5616,6213,.,...,...,...,...,4709,...,...,...,.,...,6226,6419,6830,6313,...,5364,...,...,...,.,...,4491,...,...,...,.,...,.,.,.,...,3804,4406,...,...,...,.,...,.,...,5329,...,...,.,4067,.,.,.,.,...,...,.,...,...,...,...,3486,3966,...
"2017Q4","Kerrostalo yksiöt",7562,7551,...,7897,7868,...,7981,7910,.,6463,...,.,...,6605,6778,6581,...,.,...,...,5840,6343,...,4760,...,...,...,...,...,...,3975,.,...,6184,6238,5602,5977,.,5503,5373,...,.,.,...,5094,.,...,...,...,...,.,.,.,...,3495,...,...,...,...,...,.,...,...,...,5358,...,.,5026,.,...,.,.,...,4737,...,.,...,.,...,...,...,...
"2018Q1","Kerrostalo yksiöt",7989,7899,...,8174,7763,...,7925,8076,.,6581,6503,...,...,6920,...,6965,...,.,...,...,5718,6291,...,4714,...,.,...,...,...,...,4635,.,4828,6230,6418,5562,6026,.,6036,6597,...,.,.,.,5757,.,4764,4702,...,...,.,.,.,3827,...,...,...,...,...,.,...,...,.,5458,...,...,.,...,.,...,.,.,3965,...,.,...,...,...,...,...,...,...
"2018Q2","Kerrostalo yksiöt",7750,7534,...,7770,7789,...,7817,8034,.,6423,...,.,...,6753,6625,6512,.,.,...,...,5793,7304,.,5361,...,...,...,4748,5477,...,4285,.,4776,6346,6317,5603,6326,...,5727,4959,...,...,.,...,5067,...,...,...,.,.,.,.,.,...,...,...,...,...,...,.,...,...,...,...,...,...,.,...,.,...,.,.,...,4071,.,...,3404,...,...,3470,...,...
"2018Q3","Kerrostalo yksiöt",8070,7269,...,8945,7782,7429,7804,7996,.,6836,...,.,...,7327,7195,7787,...,.,.,...,6328,6026,.,5220,...,...,...,...,...,...,...,.,...,6615,6650,5699,6367,...,5681,...,...,.,.,...,...,.,...,5121,.,...,.,.,.,4566,3746,...,...,...,...,...,.,...,...,...,.,...,.,...,.,...,.,.,...,4334,...,...,...,...,...,...,...,...
"2018Q4","Kerrostalo yksiöt",7750,8145,...,9190,8349,...,6992,7930,.,6910,...,.,...,7479,...,6939,...,.,.,...,5600,6162,.,4789,...,...,...,...,5830,...,4535,.,...,6404,6397,6462,6292,.,6026,...,...,.,.,...,5421,...,...,...,.,...,.,.,.,3602,...,...,...,...,...,.,.,...,...,4980,5750,4441,.,...,.,.,.,.,...,3230,...,...,...,...,4195,...,...,4990
"2019Q1","Kerrostalo yksiöt",7824,8575,...,8613,8325,...,7733,7980,.,6835,...,.,...,7418,7504,7262,...,.,...,...,6481,...,...,5415,...,...,...,...,...,...,4460,.,...,6285,6557,...,6898,...,6172,6659,...,.,.,...,...,...,...,4525,...,...,.,.,.,...,...,...,...,.,...,.,.,...,...,...,...,...,...,...,.,...,.,.,...,4125,.,...,...,...,...,...,...,...
"2019Q2","Kerrostalo yksiöt",8169,8591,...,8486,8444,...,7574,7836,.,6906,...,.,...,7586,7701,7251,...,.,...,...,6159,6751,.,...,...,...,...,...,...,...,4286,.,...,6652,6711,6208,6487,.,5797,...,...,.,...,...,6031,.,...,...,.,...,.,.,.,...,3818,4589,...,...,...,.,.,...,...,5634,...,...,.,5087,.,.,.,.,...,...,...,...,...,.,3467,...,...,...
"2019Q3","Kerrostalo yksiöt",8091,8115,...,8221,8532,...,8184,8508,.,7214,...,.,...,7379,7660,6396,...,.,...,.,6705,...,...,5371,...,...,...,...,5632,...,4770,.,...,6791,6487,6131,6785,.,6185,...,...,.,.,...,5480,.,...,4781,.,...,.,.,.,4147,3762,...,...,...,...,...,...,...,...,...,...,...,.,...,.,...,.,.,...,4333,...,...,...,.,...,...,...,...
"2019Q4","Kerrostalo yksiöt",8337,7667,...,9423,7875,...,7557,7557,.,7109,6640,...,...,7009,...,7574,...,.,...,...,6466,...,...,...,...,...,...,...,...,...,4024,.,4654,6723,6340,6377,6784,...,6324,6766,...,...,.,...,4928,.,...,...,...,...,.,...,.,...,3584,3772,...,...,...,.,.,3433,.,5367,6175,...,.,...,.,...,.,.,4311,...,...,...,...,.,...,3377,...,...
"2020Q1","Kerrostalo yksiöt",8407,8407,...,9408,8520,...,9115,8616,.,7098,...,...,...,6798,8211,7499,...,.,...,...,6958,7842,.,5238,...,...,.,4414,...,...,...,.,...,7102,7193,6910,7073,...,6583,...,...,.,...,...,6353,...,...,5192,...,.,.,.,.,...,...,...,...,...,...,...,...,...,...,5496,...,...,...,...,.,.,.,.,...,...,...,...,3234,...,...,...,...,...
"2020Q2","Kerrostalo yksiöt",8488,8042,.,9397,8590,...,8168,8611,.,7547,...,...,...,7815,8326,7594,...,.,...,...,6884,...,.,6177,...,4402,...,...,...,...,...,.,...,7208,6928,6234,6748,...,6505,...,...,.,...,.,6279,.,...,...,...,.,.,.,.,...,...,...,...,...,.,.,.,...,...,...,...,4055,.,...,.,...,.,.,...,...,...,.,...,.,...,...,...,...
"2020Q3","Kerrostalo yksiöt",8887,8829,...,8228,9203,...,8347,8840,.,6909,7254,...,...,7724,...,7753,...,.,...,...,6919,7940,...,6783,...,4515,...,...,6415,...,4743,.,4326,7123,7108,...,7395,.,6066,6972,...,.,...,...,6930,...,...,...,...,...,.,.,.,...,4073,...,...,...,.,.,.,.,.,6741,...,...,...,...,.,...,.,.,...,...,...,...,...,...,4760,3405,3527,...
"2020Q4","Kerrostalo yksiöt",7943,9282,...,9245,8678,8554,9211,8788,.,7531,7013,...,...,7463,8393,7520,...,.,...,...,7060,7333,...,6315,...,3909,...,...,6308,...,...,.,4648,6706,7056,7115,7110,...,6731,6885,...,...,...,...,5633,...,...,5960,.,...,.,.,.,4321,3944,4575,5544,...,...,...,...,...,...,5963,6303,...,.,4501,.,.,.,.,...,4241,...,...,...,...,...,...,4807,...
"2021Q1","Kerrostalo yksiöt",9008,8765,9537,9132,9015,8831,8088,9482,.,8095,6169,...,...,7541,7997,8237,...,.,...,.,7104,7489,...,6434,.,...,...,5129,6184,...,4636,.,4672,7543,6690,7263,7456,...,6918,...,7537,.,...,...,...,.,...,...,.,.,.,.,.,4810,4259,4076,...,...,.,.,.,.,.,6176,...,...,...,4731,.,...,.,.,...,4794,...,...,3633,...,...,...,4372,...
"2021Q2","Kerrostalo yksiöt",8892,10134,...,8989,9452,...,8578,8834,.,7871,7926,...,...,8296,8586,8306,...,.,...,...,6838,...,...,6174,...,...,...,4855,6428,...,4858,.,4661,7444,7564,6802,7578,...,7321,6552,...,.,...,...,5869,.,...,4981,.,.,.,.,.,...,...,...,5183,...,...,.,.,...,...,6313,5181,...,.,4295,.,.,.,.,...,...,...,...,.,...,...,...,...,...
"2021Q3","Kerrostalo yksiöt",8924,10144,...,9531,9498,8003,8370,8903,.,7614,7846,...,...,8129,8288,7899,...,.,...,.,6522,...,.,6660,...,...,...,...,6046,...,4793,...,...,7342,7529,7613,7324,...,6932,6459,...,.,...,...,6525,...,...,5344,.,...,.,.,.,4774,...,4409,5371,...,.,...,.,.,...,6288,5739,6096,.,...,.,.,.,.,...,4524,...,...,...,...,...,...,...,...
"2021Q4","Kerrostalo yksiöt",9187,9119,...,10594,8709,9287,9188,9056,.,7717,7310,...,...,7835,8499,7807,...,.,...,.,6651,7477,.,6379,...,...,...,...,...,...,4554,.,4842,7052,7737,6833,7289,...,6886,...,...,.,...,...,6271,...,...,4124,.,...,.,.,.,4486,4172,4359,...,...,...,...,...,...,.,6184,...,...,.,...,.,.,.,.,...,4227,...,...,...,...,...,...,...,...
"2022Q1","Kerrostalo yksiöt",8760,8996,...,9480,8945,...,8532,8619,.,7762,...,...,...,7489,9059,8280,...,.,...,...,6752,7157,.,6519,...,...,...,3883,6434,...,4940,...,...,7310,7491,7244,7126,...,7055,...,...,...,.,...,...,.,...,...,.,...,.,.,.,...,...,...,...,...,...,.,...,...,...,...,...,5453,...,5231,.,...,.,.,...,4651,...,.,...,...,...,...,3697,...
"2022Q2","Kerrostalo yksiöt",8936,8655,...,9446,9193,8537,8854,9117,.,7860,...,...,...,7900,8183,7718,...,.,...,.,7088,...,.,6741,...,3781,...,4930,5359,...,5026,...,...,7130,7017,7599,7298,...,6508,7016,...,...,.,...,6134,...,.,...,...,...,.,.,.,...,...,...,...,...,.,.,...,...,...,6105,...,...,.,...,.,.,.,.,...,4626,.,...,...,...,...,3794,...,5701
"2022Q3","Kerrostalo yksiöt",8780,8216,...,10195,8782,...,9052,8125,.,7501,...,...,.,7884,8427,7771,5976,.,...,...,6263,7247,...,...,...,...,...,...,5985,...,4117,...,...,7087,7040,5934,7236,...,6923,...,...,...,...,...,5714,...,...,...,...,.,.,.,.,4365,3990,...,...,...,.,.,...,...,.,...,...,...,.,...,.,...,.,.,...,...,...,...,4647,...,...,3496,3609,...
"2022Q4","Kerrostalo yksiöt",8631,9249,...,9671,7648,...,8151,8229,.,7208,...,...,...,7217,8903,5822,...,.,...,.,6108,...,.,6299,...,.,...,...,4375,...,...,...,...,6720,6772,6116,6469,...,...,...,...,...,...,...,...,...,...,...,.,...,.,.,.,...,...,...,...,...,...,.,...,.,.,5732,...,...,.,...,.,...,.,.,...,4676,...,...,...,...,...,...,...,...
"2023Q1","Kerrostalo yksiöt",7843,7897,...,8319,8131,...,...,7584,.,6883,5998,...,...,7159,...,7306,...,.,.,...,6483,...,.,6181,.,...,...,...,...,...,3874,...,.,6229,6531,5744,6286,...,5868,...,...,...,...,...,...,...,...,...,...,.,.,.,.,3887,...,...,...,...,...,...,...,...,...,...,...,...,.,...,.,.,.,.,...,...,...,...,...,.,...,...,...,...
"2023Q2","Kerrostalo yksiöt",8270,8284,...,8197,9063,...,8007,7744,.,6655,...,...,...,7711,...,6967,.,.,...,...,6301,...,.,...,...,...,...,...,...,...,3772,.,4224,6012,6269,...,6709,...,5515,...,...,8108,...,...,...,...,...,...,.,.,.,.,.,...,...,4718,.,...,...,.,...,...,...,...,.,...,.,...,.,...,.,.,...,...,...,.,...,...,...,...,...,...
"2023Q3","Kerrostalo yksiöt",8255,8064,...,7730,8037,...,7974,7594,.,6435,7030,...,...,7437,7252,...,...,.,...,.,5341,6539,...,4696,...,...,...,...,5245,...,...,.,...,6192,6232,5978,6496,...,5569,...,...,...,.,...,...,...,...,4448,.,...,.,.,.,...,...,...,...,...,.,.,.,.,...,...,...,...,.,...,.,...,.,.,...,...,...,...,...,...,...,3193,...,...
"2023Q4","Kerrostalo yksiöt",7677,7973,...,8312,7588,...,8232,7704,.,6622,...,...,.,7074,...,6723,...,.,5217,...,5433,...,...,5443,...,...,...,...,4725,...,3586,...,...,5999,6064,6080,6548,...,6089,...,...,9576,.,...,...,...,4541,3832,.,.,.,.,.,...,...,...,...,...,...,.,...,...,.,...,...,...,.,...,.,.,.,.,...,4484,...,...,...,...,...,...,...,...
"2024Q1*","Kerrostalo yksiöt",7789,8364,...,8306,7631,...,7934,8194,.,6168,...,...,.,7315,...,6303,...,.,...,...,5650,6100,.,5437,.,...,...,4014,...,.,...,...,...,6117,6182,...,5978,...,6199,...,...,...,.,...,...,.,...,4113,.,.,.,.,.,...,...,4043,...,.,.,...,...,...,.,5510,...,...,...,...,.,.,.,.,...,4603,.,...,...,...,...,...,...,...
"2024Q2*","Kerrostalo yksiöt",7927,8540,...,8076,7776,...,8364,7664,.,6591,6358,...,...,7364,6955,6464,.,.,...,...,4472,...,.,3634,...,...,.,...,4841,...,...,.,...,6002,6182,6296,6320,...,5561,...,...,...,...,...,...,...,...,...,...,.,.,.,.,...,...,...,...,...,.,.,...,...,.,...,.,...,.,...,.,...,.,.,...,3957,...,...,...,...,...,...,...,...
